{"train/match_rate":0.125,"train/reward_ma100":3.0456511193593343,"train/reward_ma1000":2.9900847763417664,"_step":30000,"train/s2_avg_reward":2.896114267210166,"train/matched_pairs":1,"_runtime":34504.522011417,"train/s1_avg_reward":2.920356056988239,"train/avg_reward":2.9082351620992024,"train/avg_loss":32.81330156326294,"_timestamp":1.775841815718385e+09,"_wandb":{"runtime":34504},"train/epsilon":0.32516027991971497,"train/episode":30000}